指标,Waymo自动驾驶,人类驾驶,提升百分比
每百万英里事故率,1.2,5.8,79.3
交通规则遵守率(%),99.7,92.3,8.0
危险场景反应时间(毫秒),115,462,75.1
刹车平稳度评分,9.4,7.2,30.6
变道安全度,9.6,7.8,23.1
疲劳驾驶发生率(%),0.0,12.5,100.0
夜间驾驶准确率(%),96.8,88.5,9.4
恶劣天气适应度,8.7,7.3,19.2
城市拥堵区域通过效率,8.9,6.8,30.9
行人识别准确率(%),97.9,89.2,9.8
视觉盲区覆盖率(%),94.8,74.2,27.8
突发情况处理能力,8.5,7.1,19.7 